<resources>

    <!-- Base application theme. -->
    <style name="AppTheme" parent="Theme.AppCompat.Light.NoActionBar">
        <!-- Customize your theme here. -->
        <item name="colorPrimary">@android:color/white</item>
        <item name="colorPrimaryDark">#333</item>
        <item name="colorAccent">@android:color/darker_gray</item>
        <item name="android:windowNoTitle">true</item>
        <item name="android:windowActionBar">false</item>
        <item name="android:colorPrimary">#333</item>
    </style>


  
</resources>
