﻿<?xml version="1.0" encoding="utf-8"?>
<menu xmlns:android="http://schemas.android.com/apk/res/android">
  <group android:checkableBehavior="single" android:id="@+id/group_feature1">
    <item android:id="@+id/nav_home" android:icon="@drawable/home" android:title="Home" />
    <item android:id="@+id/nav_settings" android:icon="@drawable/settings" android:title="Settings" />
  </group>
  
  <group android:checkableBehavior="single" android:id="@+id/group_feature2">
      <item android:id="@+id/nav_about" android:icon="@drawable/about" android:title="About" />
      <item android:id="@+id/nav_logout" android:icon="@drawable/logout" android:title="Log Out" />
  </group>
</menu>
