<?xml version="1.0" encoding="utf-8"?>
<ripple xmlns:android="http://schemas.android.com/apk/res/android" android:color="#b19cd9">

  <item>
    <selector>
      <item
        android:state_enabled="true">
        <shape android:shape="rectangle" >
          <corners android:radius="30dip" />
          <stroke android:width="1dip" android:color="#333" />
          <solid android:color="#333"/>
        </shape>
      </item>

      <item
        android:state_enabled="false">
        <shape android:shape="rectangle"  >
          <corners android:radius="30dip" />
          <stroke android:width="1dip" android:color="#aaa" />
          <solid android:color="#aaa"/>
        </shape>
      </item>
    </selector>
  </item>
  
</ripple>
